{
  "total_results": 382,
  "confusion_matrix": {
    "tp": 101,
    "fp": 20,
    "fn": 46,
    "tn": 215
  },
  "metrics": {
    "precision": 0.8347107438016529,
    "recall": 0.6870748299319728,
    "fpr": 0.0851063829787234,
    "fnr": 0.3129251700680272,
    "accuracy": 0.8272251308900523,
    "f1_score": 0.753731343283582
  },
  "pair_count": 147,
  "pair_stats": {
    "pc": 82,
    "pv": 19,
    "pb": 46,
    "pr": 0
  },
  "pair_metrics": {
    "P_C": 0.5578231292517006,
    "P_V": 0.1292517006802721,
    "P_B": 0.3129251700680272,
    "P_R": 0.0,
    "VP_Score": 0.5578231292517006
  }
}