{
  "total_results": 3844,
  "confusion_matrix": {
    "tp": 1194,
    "fp": 253,
    "fn": 485,
    "tn": 1912
  },
  "metrics": {
    "precision": 0.8251554941257775,
    "recall": 0.7111375818939845,
    "fpr": 0.11685912240184758,
    "fnr": 0.2888624181060155,
    "accuracy": 0.8080124869927159,
    "f1_score": 0.763915547024952
  },
  "pair_count": 1667,
  "pair_stats": {
    "pc": 974,
    "pv": 213,
    "pb": 476,
    "pr": 4
  },
  "pair_metrics": {
    "P_C": 0.5842831433713257,
    "P_V": 0.1277744451109778,
    "P_B": 0.2855428914217157,
    "P_R": 0.0023995200959808036,
    "VP_Score": 0.5818836232753449
  }
}